{
	"ImportPath": "k8s.io/api",
	"GoVersion": "unknown",
	"GodepVersion": "gen-godeps",
	"Packages": [
		"./..."
	],
	"Deps": [
		{
			"ImportPath": "cloud.google.com/go",
			"Rev": "v0.26.0"
		},
		{
			"ImportPath": "github.com/BurntSushi/toml",
			"Rev": "v0.3.1"
		},
		{
			"ImportPath": "github.com/NYTimes/gziphandler",
			"Rev": "56545f4a5d46"
		},
		{
			"ImportPath": "github.com/PuerkitoBio/purell",
			"Rev": "v1.1.1"
		},
		{
			"ImportPath": "github.com/PuerkitoBio/urlesc",
			"Rev": "de5bf2ad4578"
		},
		{
			"ImportPath": "github.com/asaskevich/govalidator",
			"Rev": "f61b66f89f4a"
		},
		{
			"ImportPath": "github.com/census-instrumentation/opencensus-proto",
			"Rev": "v0.2.1"
		},
		{
			"ImportPath": "github.com/client9/misspell",
			"Rev": "v0.3.4"
		},
		{
			"ImportPath": "github.com/davecgh/go-spew",
			"Rev": "v1.1.1"
		},
		{
			"ImportPath": "github.com/docker/spdystream",
			"Rev": "449fdfce4d96"
		},
		{
			"ImportPath": "github.com/docopt/docopt-go",
			"Rev": "ee0de3bc6815"
		},
		{
			"ImportPath": "github.com/elazarl/goproxy",
			"Rev": "947c36da3153"
		},
		{
			"ImportPath": "github.com/emicklei/go-restful",
			"Rev": "ff4f55a20633"
		},
		{
			"ImportPath": "github.com/envoyproxy/go-control-plane",
			"Rev": "5f8ba28d4473"
		},
		{
			"ImportPath": "github.com/envoyproxy/protoc-gen-validate",
			"Rev": "v0.1.0"
		},
		{
			"ImportPath": "github.com/evanphx/json-patch",
			"Rev": "v4.9.0"
		},
		{
			"ImportPath": "github.com/fsnotify/fsnotify",
			"Rev": "v1.4.9"
		},
		{
			"ImportPath": "github.com/ghodss/yaml",
			"Rev": "73d445a93680"
		},
		{
			"ImportPath": "github.com/go-logr/logr",
			"Rev": "v0.2.0"
		},
		{
			"ImportPath": "github.com/go-openapi/jsonpointer",
			"Rev": "v0.19.3"
		},
		{
			"ImportPath": "github.com/go-openapi/jsonreference",
			"Rev": "v0.19.3"
		},
		{
			"ImportPath": "github.com/go-openapi/spec",
			"Rev": "v0.19.3"
		},
		{
			"ImportPath": "github.com/go-openapi/swag",
			"Rev": "v0.19.5"
		},
		{
			"ImportPath": "github.com/gogo/protobuf",
			"Rev": "v1.3.2"
		},
		{
			"ImportPath": "github.com/golang/glog",
			"Rev": "23def4e6c14b"
		},
		{
			"ImportPath": "github.com/golang/groupcache",
			"Rev": "8c9f03a8e57e"
		},
		{
			"ImportPath": "github.com/golang/mock",
			"Rev": "v1.1.1"
		},
		{
			"ImportPath": "github.com/golang/protobuf",
			"Rev": "v1.4.3"
		},
		{
			"ImportPath": "github.com/google/go-cmp",
			"Rev": "v0.5.2"
		},
		{
			"ImportPath": "github.com/google/gofuzz",
			"Rev": "v1.1.0"
		},
		{
			"ImportPath": "github.com/google/uuid",
			"Rev": "v1.1.2"
		},
		{
			"ImportPath": "github.com/googleapis/gnostic",
			"Rev": "v0.4.1"
		},
		{
			"ImportPath": "github.com/hashicorp/golang-lru",
			"Rev": "v0.5.1"
		},
		{
			"ImportPath": "github.com/hpcloud/tail",
			"Rev": "v1.0.0"
		},
		{
			"ImportPath": "github.com/json-iterator/go",
			"Rev": "v1.1.10"
		},
		{
			"ImportPath": "github.com/kisielk/errcheck",
			"Rev": "v1.5.0"
		},
		{
			"ImportPath": "github.com/kisielk/gotool",
			"Rev": "v1.0.0"
		},
		{
			"ImportPath": "github.com/kr/pretty",
			"Rev": "v0.2.0"
		},
		{
			"ImportPath": "github.com/kr/pty",
			"Rev": "v1.1.5"
		},
		{
			"ImportPath": "github.com/kr/text",
			"Rev": "v0.1.0"
		},
		{
			"ImportPath": "github.com/mailru/easyjson",
			"Rev": "b2ccc519800e"
		},
		{
			"ImportPath": "github.com/mitchellh/mapstructure",
			"Rev": "v1.1.2"
		},
		{
			"ImportPath": "github.com/modern-go/concurrent",
			"Rev": "bacd9c7ef1dd"
		},
		{
			"ImportPath": "github.com/modern-go/reflect2",
			"Rev": "v1.0.1"
		},
		{
			"ImportPath": "github.com/munnerz/goautoneg",
			"Rev": "a547fc61f48d"
		},
		{
			"ImportPath": "github.com/mxk/go-flowrate",
			"Rev": "cca7078d478f"
		},
		{
			"ImportPath": "github.com/onsi/ginkgo",
			"Rev": "v1.11.0"
		},
		{
			"ImportPath": "github.com/onsi/gomega",
			"Rev": "v1.7.0"
		},
		{
			"ImportPath": "github.com/pkg/errors",
			"Rev": "v0.9.1"
		},
		{
			"ImportPath": "github.com/pmezard/go-difflib",
			"Rev": "v1.0.0"
		},
		{
			"ImportPath": "github.com/prometheus/client_model",
			"Rev": "14fe0d1b01d4"
		},
		{
			"ImportPath": "github.com/spf13/pflag",
			"Rev": "v1.0.5"
		},
		{
			"ImportPath": "github.com/stretchr/objx",
			"Rev": "v0.2.0"
		},
		{
			"ImportPath": "github.com/stretchr/testify",
			"Rev": "v1.6.1"
		},
		{
			"ImportPath": "github.com/yuin/goldmark",
			"Rev": "v1.2.1"
		},
		{
			"ImportPath": "golang.org/x/crypto",
			"Rev": "75b288015ac9"
		},
		{
			"ImportPath": "golang.org/x/exp",
			"Rev": "509febef88a4"
		},
		{
			"ImportPath": "golang.org/x/lint",
			"Rev": "d0100b6bd8b3"
		},
		{
			"ImportPath": "golang.org/x/mod",
			"Rev": "v0.3.0"
		},
		{
			"ImportPath": "golang.org/x/net",
			"Rev": "69a78807bb2b"
		},
		{
			"ImportPath": "golang.org/x/oauth2",
			"Rev": "d2e6202438be"
		},
		{
			"ImportPath": "golang.org/x/sync",
			"Rev": "67f06af15bc9"
		},
		{
			"ImportPath": "golang.org/x/sys",
			"Rev": "5cba982894dd"
		},
		{
			"ImportPath": "golang.org/x/text",
			"Rev": "v0.3.4"
		},
		{
			"ImportPath": "golang.org/x/tools",
			"Rev": "113979e3529a"
		},
		{
			"ImportPath": "golang.org/x/xerrors",
			"Rev": "5ec99f83aff1"
		},
		{
			"ImportPath": "google.golang.org/appengine",
			"Rev": "v1.4.0"
		},
		{
			"ImportPath": "google.golang.org/genproto",
			"Rev": "cb27e3aa2013"
		},
		{
			"ImportPath": "google.golang.org/grpc",
			"Rev": "v1.27.0"
		},
		{
			"ImportPath": "google.golang.org/protobuf",
			"Rev": "v1.25.0"
		},
		{
			"ImportPath": "gopkg.in/check.v1",
			"Rev": "41f04d3bba15"
		},
		{
			"ImportPath": "gopkg.in/fsnotify.v1",
			"Rev": "v1.4.7"
		},
		{
			"ImportPath": "gopkg.in/inf.v0",
			"Rev": "v0.9.1"
		},
		{
			"ImportPath": "gopkg.in/tomb.v1",
			"Rev": "dd632973f1e7"
		},
		{
			"ImportPath": "gopkg.in/yaml.v2",
			"Rev": "v2.2.8"
		},
		{
			"ImportPath": "gopkg.in/yaml.v3",
			"Rev": "9f266ea9e77c"
		},
		{
			"ImportPath": "honnef.co/go/tools",
			"Rev": "ea95bdfd59fc"
		},
		{
			"ImportPath": "k8s.io/apimachinery",
			"Rev": "v0.20.6"
		},
		{
			"ImportPath": "k8s.io/gengo",
			"Rev": "3a45101e95ac"
		},
		{
			"ImportPath": "k8s.io/klog/v2",
			"Rev": "v2.4.0"
		},
		{
			"ImportPath": "k8s.io/kube-openapi",
			"Rev": "d219536bb9fd"
		},
		{
			"ImportPath": "sigs.k8s.io/structured-merge-diff/v4",
			"Rev": "v4.0.3"
		},
		{
			"ImportPath": "sigs.k8s.io/yaml",
			"Rev": "v1.2.0"
		}
	]
}